Application_Name;Date;Time
Tiktok;16.02.2025;56
Whatsapp;16.02.2025;42
Snapchat;16.02.2025;31
Fotoğraflar;16.02.2025;30
Safari;16.02.2025;17
Instagram;16.02.2025;17
Pinterest;16.02.2025;8
Telefon;16.02.2025;8
LinkedIn;16.02.2025;6
Teams;16.02.2025;6
Google Maps;16.02.2025;5
Spotify;16.02.2025;4
Outlook;16.02.2025;2
DexScreener;16.02.2025;2
Snapchat;17.02.2025;107
Tiktok;17.02.2025;98
Instagram;17.02.2025;54
Google Maps;17.02.2025;27
Safari;17.02.2025;17
Ayarlar;17.02.2025;17
Telefon;17.02.2025;12
Spotify;17.02.2025;11
Whatsapp;17.02.2025;10
Fotoğraflar;17.02.2025;8
Gmail;17.02.2025;4
Harita;17.02.2025;3
Yemeksepeti;17.02.2025;3
Sahibinden;17.02.2025;3
Yahoo Mail;17.02.2025;1
X;17.02.2025;1
LinkedIn;17.02.2025;1
Akbank;17.02.2025;1
Saat;17.02.2025;1
Teams;17.02.2025;1
Kamera;17.02.2025;1
Snapchat;18.02.2025;121
Tiktok;18.02.2025;83
Google Maps;18.02.2025;78
Instagram;18.02.2025;46
Whatsapp;18.02.2025;25
Telefon;18.02.2025;8
LinkedIn;18.02.2025;6
Fotoğraflar;18.02.2025;5
Safari;18.02.2025;4
Youtube;18.02.2025;2
Gmail;18.02.2025;2
Akbank;18.02.2025;1
Sahibinden;18.02.2025;1
X;18.02.2025;1
MySU;18.02.2025;1
Edevlet;18.02.2025;1
Mesajlar;18.02.2025;1
Kamera;18.02.2025;1
Yahoo Mail;18.02.2025;1
Bul;18.02.2025;1
Ziraat Mobil;18.02.2025;1
Snapchat;19.02.2025;72
Tiktok;19.02.2025;39
Instagram;19.02.2025;28
Safari;19.02.2025;12
Whatsapp;19.02.2025;7
Yemeksepeti;19.02.2025;6
Fotoğraflar;19.02.2025;3
Telefon;19.02.2025;3
Spotify;19.02.2025;2
LinkedIn;19.02.2025;2
Akbank;19.02.2025;2
Ayarlar;19.02.2025;2
Google Maps;19.02.2025;2
Mesajlar;19.02.2025;1
Gmail;19.02.2025;1
Turkcell;19.02.2025;1
X;19.02.2025;1
Authenticator;19.02.2025;1
Harita;19.02.2025;1
Ziraat Mobil;19.02.2025;1
Saat;19.02.2025;1
Notlar;19.02.2025;1
ChatGPT;19.02.2025;1
Takvim;19.02.2025;1
Tiktok;20.02.2025;109
Whatsapp;20.02.2025;68
Instagram;20.02.2025;59
Snapchat;20.02.2025;32
Fotoğraflar;20.02.2025;7
Telefon;20.02.2025;6
Ayarlar;20.02.2025;6
Gmail;20.02.2025;3
X;20.02.2025;3
Notlar;20.02.2025;3
DexScreener;20.02.2025;2
Spotify;20.02.2025;2
Mackolik;20.02.2025;2
Phantom;20.02.2025;1
Tiktok;21.02.2025;81
Whatsapp;21.02.2025;35
Safari;21.02.2025;33
Netflix;21.02.2025;30
Snapchat;21.02.2025;29
Instagram;21.02.2025;16
Yemeksepeti;21.02.2025;16
LinkedIn;21.02.2025;7
Spotify;21.02.2025;5
Fotoğraflar;21.02.2025;4
Telefon;21.02.2025;2
Trendyol;21.02.2025;1
Gmail;21.02.2025;1
Tiktok;22.02.2025;116
Instagram;22.02.2025;56
Google Maps;22.02.2025;47
Whatsapp;22.02.2025;32
Snapchat;22.02.2025;25
Spotify;22.02.2025;16
Safari;22.02.2025;11
Fotoğraflar;22.02.2025;6
Yemeksepeti;22.02.2025;5
LinkedIn;22.02.2025;4
Telefon;22.02.2025;1
DexScreener;22.02.2025;1
X;22.02.2025;1
Tiktok;23.02.2025;140
Whatsapp;23.02.2025;59
Safari;23.02.2025;29
Snapchat;23.02.2025;28
Google Maps;23.02.2025;14
Instagram;23.02.2025;13
LinkedIn;23.02.2025;10
Yemeksepeti;23.02.2025;7
Spotify;23.02.2025;6
MyEdenCard;23.02.2025;4
Youtube;23.02.2025;4
Telefon;23.02.2025;2
Akbank;23.02.2025;2
Fotoğraflar;23.02.2025;2
X;23.02.2025;1
Tiktok;24.02.2025;62
Whatsapp;24.02.2025;41
Snapchat;24.02.2025;37
Instagram;24.02.2025;40
Yemeksepeti;24.02.2025;6
Google Maps;24.02.2025;6
Safari;24.02.2025;5
X;24.02.2025;4
ChatGPT;24.02.2025;3
Gmail;24.02.2025;3
Fotoğraflar;24.02.2025;2
Tiktok;25.02.2025;143
Whatsapp;25.02.2025;62
Snapchat;25.02.2025;40
Instagram;25.02.2025;29
Safari;25.02.2025;22
Telefon;25.02.2025;17
LinkedIn;25.02.2025;12
Youtube;25.02.2025;11
Google Maps;25.02.2025;10
Ayarlar;25.02.2025;8
Spotify;25.02.2025;8
Yemeksepeti;25.02.2025;5
ChatGPT;25.02.2025;5
X;25.02.2025;4
Fotoğraflar;25.02.2025;3
Tiktok;26.02.2025;70
Whatsapp;26.02.2025;40
Instagram;26.02.2025;29
Snapchat;26.02.2025;25
Outlook;26.02.2025;15
Safari;26.02.2025;12
LinkedIn;26.02.2025;12
Yemeksepeti;26.02.2025;6
Teams;26.02.2025;2
Telefon;26.02.2025;2
Takvim;26.02.2025;2
Tophat;26.02.2025;2
Tiktok;27.02.2025;81
Whatsapp;27.02.2025;35
Safari;27.02.2025;33
Netflix;27.02.2025;30
Snapchat;27.02.2025;29
Fotoğraflar;27.02.2025;24
Instagram;27.02.2025;16
Yemeksepeti;27.02.2025;16
LinkedIn;27.02.2025;7
Spotify;27.02.2025;5
Telefon;27.02.2025;2
Trendyol;27.02.2025;1
Google Maps;28.02.2025;129
Tiktok;28.02.2025;58
Whatsapp;28.02.2025;52
Snapchat;28.02.2025;32
LinkedIn;28.02.2025;26
Safari;28.02.2025;17
Instagram;28.02.2025;9
Spotify;28.02.2025;4
Telefon;28.02.2025;4
Yemeksepeti;28.02.2025;3
Outlook;28.02.2025;1
Bul;28.02.2025;1
Tiktok;1.03.2025;107
Whatsapp;1.03.2025;49
Google Maps;1.03.2025;27
Snapchat;1.03.2025;25
Safari;1.03.2025;16
Instagram;1.03.2025;11
LinkedIn;1.03.2025;7
Sahibinden;1.03.2025;5
Spotify;1.03.2025;4
Telefon;1.03.2025;3
Akbank;1.03.2025;2
Gmail;1.03.2025;2
Hesap Makinesi;1.03.2025;2
İşçep;1.03.2025;2
Mackolik;1.03.2025;1
Phantom;1.03.2025;1
Tiktok;2.03.2025;98
Whatsapp;2.03.2025;37
LinkedIn;2.03.2025;26
Snapchat;2.03.2025;23
Google Maps;2.03.2025;20
Spotify;2.03.2025;15
Instagram;2.03.2025;11
Ayarlar;2.03.2025;4
Phantom;2.03.2025;1
X;2.03.2025;1
Mackolik;2.03.2025;1
Telefon;2.03.2025;1
Gmail;2.03.2025;1
İşçep;2.03.2025;1
Safari;2.03.2025;1
Bul;2.03.2025;1
Whatsapp;3.03.2025;85
Tiktok;3.03.2025;75
Yemeksepeti;3.03.2025;35
Safari;3.03.2025;32
Snapchat;3.03.2025;29
LinkedIn;3.03.2025;19
Instagram;3.03.2025;8
Telefon;3.03.2025;3
Akbank;3.03.2025;3
Google Maps;3.03.2025;2
Phantom;3.03.2025;2
Spotify;3.03.2025;1
MyEdenCard;3.03.2025;1
Ayarlar;3.03.2025;1
Gmail;3.03.2025;1
Bul;3.03.2025;1
Tiktok;4.03.2025;154
Whatsapp;4.03.2025;58
Snapchat;4.03.2025;25
Instagram;4.03.2025;22
Safari;4.03.2025;17
Sahibinden;4.03.2025;15
LinkedIn;4.03.2025;9
Telefon;4.03.2025;3
Mesajlar;4.03.2025;1
Spotify;4.03.2025;1
Fotoğraflar;4.03.2025;1
Google Maps;4.03.2025;1
Akbank;4.03.2025;1
Phantom;4.03.2025;1
Gmail;4.03.2025;1
Outlook;4.03.2025;1
Yemeksepeti;4.03.2025;1
Ayarlar;4.03.2025;1
Tiktok;5.03.2025;98
Safari;5.03.2025;52
Instagram;5.03.2025;39
Whatsapp;5.03.2025;39
Snapchat;5.03.2025;27
Yemeksepeti;5.03.2025;16
Netflix;5.03.2025;12
LinkedIn;5.03.2025;11
Takvim;5.03.2025;5
Spotify;5.03.2025;4
Fotoğraflar;5.03.2025;3
Gmail;5.03.2025;2
Yahoo Mail;5.03.2025;1
Tophat;5.03.2025;1
Tiktok;6.03.2025;86
Whatsapp;6.03.2025;73
Snapchat;6.03.2025;35
Ayarlar;6.03.2025;21
Sahibinden;6.03.2025;10
Instagram;6.03.2025;8
Yemeksepeti;6.03.2025;7
LinkedIn;6.03.2025;7
Safari;6.03.2025;6
Phantom;6.03.2025;5
Gmail;6.03.2025;5
Fotoğraflar;6.03.2025;4
Bul;6.03.2025;4
Takvim;6.03.2025;4
Spotify;6.03.2025;3
Google Maps;6.03.2025;2
Telefon;6.03.2025;2
Akbank;6.03.2025;1
Teams;6.03.2025;1
MyEdenCard;6.03.2025;1
Whatsapp;7.03.2025;155
Tiktok;7.03.2025;129
Snapchat;7.03.2025;78
Google Maps;7.03.2025;65
Safari;7.03.2025;65
LinkedIn;7.03.2025;18
Instagram;7.03.2025;15
Telefon;7.03.2025;13
Spotify;7.03.2025;11
Sahibinden;7.03.2025;11
X;7.03.2025;9
ChatGPT;7.03.2025;7
Telefon;7.03.2025;4
Fotoğraflar;7.03.2025;1
Gmail;7.03.2025;1
Tiktok;8.03.2025;91
Whatsapp;8.03.2025;60
Safari;8.03.2025;43
Snapchat;8.03.2025;38
Instagram;8.03.2025;21
Trendyol;8.03.2025;20
LinkedIn;8.03.2025;15
Hepsiburada;8.03.2025;13
Yemeksepeti;8.03.2025;9
Sahibinden;8.03.2025;7
Google Maps;8.03.2025;6
Spotify;8.03.2025;4
Akbank;8.03.2025;3
Yahoo Mail;8.03.2025;1
Netflix;8.03.2025;1
X;8.03.2025;1
Prime Video;8.03.2025;5
Fotoğraflar;8.03.2025;10
Tiktok;9.03.2025;190
Whatsapp;9.03.2025;58
Snapchat;9.03.2025;43
LinkedIn;9.03.2025;20
Instagram;9.03.2025;14
Safari;9.03.2025;13
Youtube;9.03.2025;6
Google Maps;9.03.2025;6
Telefon;9.03.2025;6
Spotify;9.03.2025;3
Hepsiburada;9.03.2025;2
X;9.03.2025;1
Ziraat Mobil;9.03.2025;1
Mackolik;9.03.2025;1
Takvim;9.03.2025;1
Yahoo Mail;9.03.2025;1
Kamera;9.03.2025;1
Tiktok;10.03.2025;62
Whatsapp;10.03.2025;53
Snapchat;10.03.2025;29
Telefon;10.03.2025;19
Google Maps;10.03.2025;19
Instagram;10.03.2025;18
LinkedIn;10.03.2025;13
Gmail;10.03.2025;10
Hepsiburada;10.03.2025;9
Sahibinden;10.03.2025;8
Safari;10.03.2025;7
Spotify;10.03.2025;6
Trendyol;10.03.2025;4
Ayarlar;10.03.2025;3
McKinsey Insights;10.03.2025;4
AFAD Acil;10.03.2025;3
ChatGPT;10.03.2025;2
MyEdenCard;10.03.2025;2
Edevlet;10.03.2025;1
Yemeksepeti;10.03.2025;1
Fotoğraflar;10.03.2025;1
Notlar;10.03.2025;1
Kamera;10.03.2025;1
HGS;10.03.2025;1
Teams;10.03.2025;1
İşcep;10.03.2025;1
Yahoo Mail;10.03.2025;1
Phantom;10.03.2025;1
Tiktok;11.03.2025;93
Snapchat;11.03.2025;64
Whatsapp;11.03.2025;60
Safari;11.03.2025;44
Spotify;11.03.2025;20
Instagram;11.03.2025;17
LinkedIn;11.03.2025;5
Telefon;11.03.2025;4
Hepsiburada;11.03.2025;3
Kamera;11.03.2025;2
Yemeksepeti;11.03.2025;2
Google Maps;11.03.2025;2
Trendyol;11.03.2025;1
Binance;11.03.2025;1
Phantom;11.03.2025;1
Gmail;11.03.2025;1
X;11.03.2025;1
Mesajlar;11.03.2025;1
Akbank;11.03.2025;1
Fotoğraflar;11.03.2025;1
MyEdenCard;11.03.2025;1
Teams;11.03.2025;1
Takvim;11.03.2025;1
 App Store;11.03.2025;1
Ayarlar;11.03.2025;1
Snapchat;12.03.2025;41
Tiktok;12.03.2025;37
Safari;12.03.2025;37
Whatsapp;12.03.2025;25
LinkedIn;12.03.2025;11
Instagram;12.03.2025;9
Yemeksepeti;12.03.2025;4
Telefon;12.03.2025;4
Spotify;12.03.2025;3
Ziraat Mobil;12.03.2025;3
Edevlet;12.03.2025;2
Teams;12.03.2025;1
Fotoğraflar;12.03.2025;1
Phantom;12.03.2025;1
Takvim;12.03.2025;1
Google Maps;12.03.2025;1
Notlar;12.03.2025;1
Ayarlar;12.03.2025;1
Gmail;12.03.2025;1
Yahoo Mail;12.03.2025;1
MyEdenCard;12.03.2025;1
App Store;12.03.2025;1
Mesajlar;12.03.2025;1
Snapchat;13.03.2025;166
Tiktok;13.03.2025;111
Instagram;13.03.2025;74
Whatsapp;13.03.2025;33
Google Maps;13.03.2025;29
Telefon;13.03.2025;23
Safari;13.03.2025;16
Fotoğraflar;13.03.2025;7
MySU;13.03.2025;3
Yemeksepeti;13.03.2025;2
Spotify;13.03.2025;1
İşCep;13.03.2025;1
Akbank;13.03.2025;1
Edevlet;13.03.2025;1
LinkedIn;13.03.2025;1
MyEdenCard;13.03.2025;1
Ayarlar;13.03.2025;1
Farfetch;13.03.2025;1
Takvim;13.03.2025;1
App Store;13.03.2025;1
Saat;13.03.2025;1
Kamera;13.03.2025;1
Snapchat;14.03.2025;134
Tiktok;14.03.2025;87
Google Maps;14.03.2025;26
Instagram;14.03.2025;21
Whatsapp;14.03.2025;16
X;14.03.2025;7
Safari;14.03.2025;7
Telefon;14.03.2025;7
Sahibinden;14.03.2025;5
Spotify;14.03.2025;2
Yahoo Mail;14.03.2025;2
Edevlet;14.03.2025;1
Ayarlar;14.03.2025;1
Mackolik;14.03.2025;1
Fotoğraflar;14.03.2025;1
Teams;14.03.2025;1
Ziraat Mobil;14.03.2025;1
Outlook;14.03.2025;1
Kamera;14.03.2025;1
Mesajlar;14.03.2025;1
App Store;14.03.2025;1
Saat;14.03.2025;1
MyEdenCard;14.03.2025;1
Gmail;14.03.2025;1
Cüzdan;14.03.2025;1
Takvim;14.03.2025;1
Akbank;14.03.2025;1
Google Çeviri;14.03.2025;1
Snapchat;15.03.2025;152
Tiktok;15.03.2025;112
Instagram;15.03.2025;91
Safari;15.03.2025;45
Google Maps;15.03.2025;13
Yemeksepeti;15.03.2025;6
Akbank;15.03.2025;3
Ziraat Mobil;15.03.2025;3
Whatsapp;15.03.2025;3
Fotoğraflar;15.03.2025;3
Saat;15.03.2025;2
Spotify;15.03.2025;2
Telefon;15.03.2025;1
LinkedIn;15.03.2025;1
Turkcell;15.03.2025;1
Ayarlar;15.03.2025;1
Google Çeviri;15.03.2025;1
Drive;15.03.2025;1
Gmail;15.03.2025;1
MyEdenCard;15.03.2025;1
Tiktok;16.03.2025;149
Snapchat;16.03.2025;89
Harita;16.03.2025;37
Instagram;16.03.2025;34
Whatsapp;16.03.2025;18
Google Maps;16.03.2025;17
Fotoğraflar;16.03.2025;13
Telefon;16.03.2025;12
Yemeksepeti;16.03.2025;6
Sahibinden;16.03.2025;4
Spotify;16.03.2025;4
Ayarlar;16.03.2025;3
Safari;16.03.2025;3
Saat;16.03.2025;2
X;16.03.2025;1
Takvim;16.03.2025;1
LinkedIn;16.03.2025;1
App Store;16.03.2025;1
Gmail;16.03.2025;1
Outlook;16.03.2025;1
Kamera;16.03.2025;1
MyEdenCard;16.03.2025;1
Drive;16.03.2025;1
Mail;16.03.2025;1
ChatGPT;16.03.2025;1
Tiktok;17.03.2025;123
Snapchat;17.03.2025;100
Instagram;17.03.2025;30
Harita;17.03.2025;21
Whatsapp;17.03.2025;8
Telefon;17.03.2025;8
Spotify;17.03.2025;4
Fotoğraflar;17.03.2025;4
Sahibinden;17.03.2025;2
Yemeksepeti;17.03.2025;2
LinkedIn;17.03.2025;2
Ayarlar;17.03.2025;1
X;17.03.2025;1
Youtube;17.03.2025;1
Akbank;17.03.2025;1
Gmail;17.03.2025;1
Google Maps;17.03.2025;1
Yahoo Mail;17.03.2025;1
MySU;17.03.2025;1
Snapchat;18.03.2025;152
Tiktok;18.03.2025;44
Instagram;18.03.2025;23
Google Maps;18.03.2025;22
Safari;18.03.2025;17
Ayarlar;18.03.2025;17
Telefon;18.03.2025;12
Spotify;18.03.2025;11
Whatsapp;18.03.2025;10
Fotoğraflar;18.03.2025;8
Gmail;18.03.2025;4
Harita;18.03.2025;3
Yemeksepeti;18.03.2025;3
Sahibinden;18.03.2025;3
Yahoo Mail;18.03.2025;1
X;18.03.2025;1
LinkedIn;18.03.2025;1
Akbank;18.03.2025;1
Saat;18.03.2025;1
Teams;18.03.2025;1
Kamera;18.03.2025;1
Snapchat;19.03.2025;111
Tiktok;19.03.2025;83
Google Maps;19.03.2025;66
Instagram;19.03.2025;46
Whatsapp;19.03.2025;25
Telefon;19.03.2025;8
LinkedIn;19.03.2025;6
Fotoğraflar;19.03.2025;5
Safari;19.03.2025;4
Youtube;19.03.2025;2
Gmail;19.03.2025;2
Akbank;19.03.2025;1
Sahibinden;19.03.2025;1
X;19.03.2025;1
MySU;19.03.2025;1
Edevlet;19.03.2025;1
Mesajlar;19.03.2025;1
Kamera;19.03.2025;1
Yahoo Mail;19.03.2025;1
Bul;19.03.2025;1
Ziraat Mobil;19.03.2025;1
Snapchat;20.03.2025;88
Tiktok;20.03.2025;39
Instagram;20.03.2025;12
Safari;20.03.2025;12
Whatsapp;20.03.2025;7
Yemeksepeti;20.03.2025;6
Fotoğraflar;20.03.2025;3
Telefon;20.03.2025;3
Spotify;20.03.2025;2
LinkedIn;20.03.2025;2
Akbank;20.03.2025;2
Ayarlar;20.03.2025;2
Google Maps;20.03.2025;2
Mesajlar;20.03.2025;1
Gmail;20.03.2025;1
Turkcell;20.03.2025;1
X;20.03.2025;1
Authenticator;20.03.2025;1
Harita;20.03.2025;1
Ziraat Mobil;20.03.2025;1
Saat;20.03.2025;1
Notlar;20.03.2025;1
ChatGPT;20.03.2025;1
Takvim;20.03.2025;1
Snapchat;21.03.2025;140
Instagram;21.03.2025;59
Tiktok;21.03.2025;44
Whatsapp;21.03.2025;42
Telefon;21.03.2025;6
Harita;21.03.2025;7
Yemeksepeti;21.03.2025;7
Google Maps;21.03.2025;4
LinkedIn;21.03.2025;3
Fotoğraflar;21.03.2025;2
Gmail;21.03.2025;2
Ciceksepeti;21.03.2025;2
Steam;21.03.2025;2
Spotify;21.03.2025;2
Safari;21.03.2025;2
Takvim;21.03.2025;1
Ayarlar;21.03.2025;1
Yahoo Mail;21.03.2025;1
MySU;21.03.2025;1
App Store;21.03.2025;1
Tiktok;22.03.2025;45
Harita;22.03.2025;40
Snapchat;22.03.2025;34
Telefon;22.03.2025;27
Yemeksepeti;22.03.2025;15
Instagram;22.03.2025;8
Whatsapp;22.03.2025;7
Gmail;22.03.2025;3
Teams;22.03.2025;3
Spotify;22.03.2025;2
Safari;22.03.2025;2
Yahoo Mail;22.03.2025;1
Ayarlar;22.03.2025;1
Fotoğraflar;22.03.2025;1
Google Maps;22.03.2025;1
Gradescope;22.03.2025;1
MySU;22.03.2025;1
Outlook;22.03.2025;1
LinkedIn;22.03.2025;1
Saat;22.03.2025;1
Takvim;22.03.2025;1
Google Çeviri;22.03.2025;1
Snapchat;23.03.2025;60
Tiktok;23.03.2025;51
Instagram;23.03.2025;24
Harita;23.03.2025;16
Safari;23.03.2025;11
Whatsapp;23.03.2025;7
Yemeksepeti;23.03.2025;4
Telefon;23.03.2025;2
Teams;23.03.2025;2
Fotoğraflar;23.03.2025;2
LinkedIn;23.03.2025;2
Spotify;23.03.2025;1
Sahibinden;23.03.2025;1
Mackolik;23.03.2025;1
Outlook;23.03.2025;1
Ayarlar;23.03.2025;1
Takvim;23.03.2025;1
Gmail;23.03.2025;1
Saat;23.03.2025;1
Google Maps;23.03.2025;1
MyEdenCard;23.03.2025;1
Snapchat;24.03.2025;121
Instagram;24.03.2025;110
Tiktok;24.03.2025;86
Fotoğraflar;24.03.2025;23
Whatsapp;24.03.2025;21
LinkedIn;24.03.2025;14
Safari;24.03.2025;13
Telefon;24.03.2025;13
X;24.03.2025;11
Gmail;24.03.2025;6
Yemeksepeti;24.03.2025;4
Spotify;24.03.2025;3
Google Maps;24.03.2025;2
Ayarlar;24.03.2025;2
Outlook;24.03.2025;1
Mackolik;24.03.2025;1
Saat;24.03.2025;1
Takvim;24.03.2025;1
Akbank;24.03.2025;1
Snapchat;25.03.2025;107
Tiktok;25.03.2025;98
Instagram;25.03.2025;54
Google Maps;25.03.2025;27
Safari;25.03.2025;17
Ayarlar;25.03.2025;17
Telefon;25.03.2025;12
Spotify;25.03.2025;11
Whatsapp;25.03.2025;10
Fotoğraflar;25.03.2025;8
Gmail;25.03.2025;4
Harita;25.03.2025;3
Yemeksepeti;25.03.2025;3
Sahibinden;25.03.2025;3
Yahoo Mail;25.03.2025;1
X;25.03.2025;1
LinkedIn;25.03.2025;1
Akbank;25.03.2025;1
Saat;25.03.2025;1
Teams;25.03.2025;1
Kamera;25.03.2025;1
Snapchat;26.03.2025;121
Tiktok;26.03.2025;83
Google Maps;26.03.2025;78
Instagram;26.03.2025;46
Whatsapp;26.03.2025;25
Telefon;26.03.2025;8
LinkedIn;26.03.2025;6
Fotoğraflar;26.03.2025;5
Safari;26.03.2025;4
Youtube;26.03.2025;2
Gmail;26.03.2025;2
Akbank;26.03.2025;1
Sahibinden;26.03.2025;1
X;26.03.2025;1
MySU;26.03.2025;1
Edevlet;26.03.2025;1
Mesajlar;26.03.2025;1
Kamera;26.03.2025;1
Yahoo Mail;26.03.2025;1
Bul;26.03.2025;1
Ziraat Mobil;26.03.2025;1
Snapchat;27.03.2025;72
Tiktok;27.03.2025;39
Instagram;27.03.2025;28
Safari;27.03.2025;12
Whatsapp;27.03.2025;7
Yemeksepeti;27.03.2025;6
Fotoğraflar;27.03.2025;3
Telefon;27.03.2025;3
Spotify;27.03.2025;2
LinkedIn;27.03.2025;2
Akbank;27.03.2025;2
Ayarlar;27.03.2025;2
Google Maps;27.03.2025;2
Mesajlar;27.03.2025;1
Gmail;27.03.2025;1
Turkcell;27.03.2025;1
X;27.03.2025;1
Authenticator;27.03.2025;1
Harita;27.03.2025;1
Ziraat Mobil;27.03.2025;1
Saat;27.03.2025;1
Notlar;27.03.2025;1
ChatGPT;27.03.2025;1
Takvim;27.03.2025;1
Snapchat;28.03.2025;86
Instagram;28.03.2025;49
Safari;28.03.2025;35
Google Maps;28.03.2025;23
Fotoğraflar;28.03.2025;19
Tiktok;28.03.2025;17
Whatsapp;28.03.2025;11
Ziraat Mobil;28.03.2025;11
Yemeksepeti;28.03.2025;8
Telefon;28.03.2025;4
LinkedIn;28.03.2025;2
Spotify;28.03.2025;2
X;28.03.2025;1
Ayarlar;28.03.2025;1
Takvim;28.03.2025;1
Gmail;28.03.2025;1
Teams;28.03.2025;1
Outlook;28.03.2025;1
Hesap Makinesi;28.03.2025;1
Yahoo Mail;28.03.2025;1
Sahibinden;28.03.2025;1
Kamera;28.03.2025;1
Snapchat;29.03.2025;224
Tiktok;29.03.2025;82
Instagram;29.03.2025;40
Google Maps;29.03.2025;29
X;29.03.2025;12
Fotoğraflar;29.03.2025;10
Safari;29.03.2025;9
Sahibinden;29.03.2025;9
Whatsapp;29.03.2025;6
Spotify;29.03.2025;5
Ayarlar;29.03.2025;4
LinkedIn;29.03.2025;2
Youtube;29.03.2025;1
Mackolik;29.03.2025;1
Telefon;29.03.2025;1
İşCep;29.03.2025;1
Outlook;29.03.2025;1
Takvim;29.03.2025;1
App Store;29.03.2025;1
Gmail;29.03.2025;1
Yahoo Mail;29.03.2025;1
Kamera;29.03.2025;1
Drive;29.03.2025;1
Saat;29.03.2025;1
ChatGPT;29.03.2025;1
Teams;29.03.2025;1
Snapchat;30.03.2025;164
Tiktok;30.03.2025;122
Instagram;30.03.2025;49
Sahibinden;30.03.2025;21
Google Maps;30.03.2025;19
Whatsapp;30.03.2025;19
Youtube;30.03.2025;15
Fotoğraflar;30.03.2025;8
LinkedIn;30.03.2025;8
Nike;30.03.2025;3
Safari;30.03.2025;2
Beymen;30.03.2025;2
Spotify;30.03.2025;2
Telefon;30.03.2025;2
Yemeksepeti;30.03.2025;2
İşCep;30.03.2025;1
X;30.03.2025;1
Outlook;30.03.2025;1
Tıkla Gelsin;30.03.2025;1
Mackolik;30.03.2025;1
Gmail;30.03.2025;1
Akbank;30.03.2025;1
Yahoo Mail;30.03.2025;1
Teams;30.03.2025;1
Ayarlar;30.03.2025;1
Hesap Makinesi;30.03.2025;1
Kamera;30.03.2025;1
Google Çeviri;30.03.2025;1
Cüzdan;30.03.2025;1
Snapchat;31.03.2025;159
Tiktok;31.03.2025;118
Google Maps;31.03.2025;44
Instagram;31.03.2025;25
Spotify;31.03.2025;11
Safari;31.03.2025;8
Telefon;31.03.2025;7
Whatsapp;31.03.2025;4
Trendyol;31.03.2025;2
Fotoğraflar;31.03.2025;2
LinkedIn;31.03.2025;1
Saat;31.03.2025;1
MySU;31.03.2025;1
Sahibinden;31.03.2025;1
Kamera;31.03.2025;1
Gmail;31.03.2025;1
Takvim;31.03.2025;1
Farfetch;31.03.2025;1
Phantom;31.03.2025;1
Snapchat;1.04.2025;166
Tiktok;1.04.2025;111
Instagram;1.04.2025;74
Whatsapp;1.04.2025;33
Google Maps;1.04.2025;29
Telefon;1.04.2025;23
Safari;1.04.2025;16
Fotoğraflar;1.04.2025;7
MySU;1.04.2025;3
Yemeksepeti;1.04.2025;2
Spotify;1.04.2025;1
İşCep;1.04.2025;1
Akbank;1.04.2025;1
Edevlet;1.04.2025;1
LinkedIn;1.04.2025;1
MyEdenCard;1.04.2025;1
Ayarlar;1.04.2025;1
Farfetch;1.04.2025;1
Takvim;1.04.2025;1
App Store;1.04.2025;1
Saat;1.04.2025;1
Kamera;1.04.2025;1
Snapchat;2.04.2025;134
Tiktok;2.04.2025;87
Google Maps;2.04.2025;26
Instagram;2.04.2025;21
Whatsapp;2.04.2025;16
X;2.04.2025;7
Safari;2.04.2025;7
Telefon;2.04.2025;7
Sahibinden;2.04.2025;5
Spotify;2.04.2025;2
Yahoo Mail;2.04.2025;2
Edevlet;2.04.2025;1
Ayarlar;2.04.2025;1
Mackolik;2.04.2025;1
Fotoğraflar;2.04.2025;1
Teams;2.04.2025;1
Ziraat Mobil;2.04.2025;1
Outlook;2.04.2025;1
Kamera;2.04.2025;1
Mesajlar;2.04.2025;1
App Store;2.04.2025;1
Saat;2.04.2025;1
MyEdenCard;2.04.2025;1
Gmail;2.04.2025;1
Cüzdan;2.04.2025;1
Takvim;2.04.2025;1
Akbank;2.04.2025;1
Google Çeviri;2.04.2025;1
Snapchat;3.04.2025;152
Tiktok;3.04.2025;112
Instagram;3.04.2025;91
Safari;3.04.2025;45
Google Maps;3.04.2025;13
Yemeksepeti;3.04.2025;6
Akbank;3.04.2025;3
Ziraat Mobil;3.04.2025;3
Whatsapp;3.04.2025;3
Fotoğraflar;3.04.2025;3
Saat;3.04.2025;2
Spotify;3.04.2025;2
Telefon;3.04.2025;1
LinkedIn;3.04.2025;1
Turkcell;3.04.2025;1
Ayarlar;3.04.2025;1
Google Çeviri;3.04.2025;1
Drive;3.04.2025;1
Gmail;3.04.2025;1
MyEdenCard;3.04.2025;1
Tiktok;4.04.2025;149
Snapchat;4.04.2025;89
Harita;4.04.2025;37
Instagram;4.04.2025;34
Whatsapp;4.04.2025;18
Google Maps;4.04.2025;17
Fotoğraflar;4.04.2025;13
Telefon;4.04.2025;12
Yemeksepeti;4.04.2025;6
Sahibinden;4.04.2025;4
Spotify;4.04.2025;4
Ayarlar;4.04.2025;3
Safari;4.04.2025;3
Saat;4.04.2025;2
X;4.04.2025;1
Takvim;4.04.2025;1
LinkedIn;4.04.2025;1
App Store;4.04.2025;1
Gmail;4.04.2025;1
Outlook;4.04.2025;1
Kamera;4.04.2025;1
MyEdenCard;4.04.2025;1
Drive;4.04.2025;1
Mail;4.04.2025;1
ChatGPT;4.04.2025;1
Tiktok;5.04.2025;130
Snapchat;5.04.2025;104
Instagram;5.04.2025;48
Harita;5.04.2025;33
Whatsapp;5.04.2025;8
Telefon;5.04.2025;8
Spotify;5.04.2025;4
Fotoğraflar;5.04.2025;4
Sahibinden;5.04.2025;2
Yemeksepeti;5.04.2025;2
LinkedIn;5.04.2025;2
Ayarlar;5.04.2025;1
X;5.04.2025;1
Youtube;5.04.2025;1
Akbank;5.04.2025;1
Gmail;5.04.2025;1
Google Maps;5.04.2025;1
Yahoo Mail;5.04.2025;1
MySU;5.04.2025;1
Snapchat;6.04.2025;126
Instagram;6.04.2025;59
Tiktok;6.04.2025;58
Whatsapp;6.04.2025;57
Telefon;6.04.2025;6
Harita;6.04.2025;7
Yemeksepeti;6.04.2025;7
Google Maps;6.04.2025;4
LinkedIn;6.04.2025;3
Fotoğraflar;6.04.2025;2
Gmail;6.04.2025;2
Ciceksepeti;6.04.2025;2
Steam;6.04.2025;2
Spotify;6.04.2025;2
Safari;6.04.2025;2
Takvim;6.04.2025;1
Ayarlar;6.04.2025;1
Yahoo Mail;6.04.2025;1
MySU;6.04.2025;1
App Store;6.04.2025;1
Tiktok;7.04.2025;42
Harita;7.04.2025;40
Snapchat;7.04.2025;30
Telefon;7.04.2025;27
Yemeksepeti;7.04.2025;15
Instagram;7.04.2025;8
Whatsapp;7.04.2025;7
Gmail;7.04.2025;3
Teams;7.04.2025;2
Spotify;7.04.2025;2
Safari;7.04.2025;1
Yahoo Mail;7.04.2025;1
Ayarlar;7.04.2025;1
Fotoğraflar;7.04.2025;1
Google Maps;7.04.2025;1
Gradescope;7.04.2025;1
MySU;7.04.2025;1
Outlook;7.04.2025;1
LinkedIn;7.04.2025;1
Saat;7.04.2025;1
Takvim;7.04.2025;1
Google Çeviri;7.04.2025;1
Snapchat;8.04.2025;54
Tiktok;8.04.2025;51
Instagram;8.04.2025;24
Harita;8.04.2025;16
Safari;8.04.2025;10
Whatsapp;8.04.2025;7
Yemeksepeti;8.04.2025;4
Telefon;8.04.2025;3
Teams;8.04.2025;2
Fotoğraflar;8.04.2025;2
LinkedIn;8.04.2025;2
Spotify;8.04.2025;1
Sahibinden;8.04.2025;1
Mackolik;8.04.2025;1
Outlook;8.04.2025;1
Ayarlar;8.04.2025;1
Takvim;8.04.2025;1
Gmail;8.04.2025;1
Saat;8.04.2025;1
Google Maps;8.04.2025;1
MyEdenCard;8.04.2025;1